"","max_pval","min_pval"
"1",0.755697941102766,0.00617105163091369
"2",0.425653057538262,5.04264027217927e-05
"3",0.815994988154149,0.0136152576112504
"4",0.92512894457728,0.00142928761073369
"5",0.972094808907762,0.00377583979917429
"6",0.0426158874560455,9.55246992617731e-12
"7",0.909954588434877,0.000629674245618883
"8",0.0649502718457625,2.10271466904999e-10
