"","max_pval","min_pval"
"1",0.755684087552601,0.0333563189367911
"2",0.445021413147368,9.52630085867545e-05
"3",0.248820816618886,0.00322198677688368
"4",0.984288906209382,0.00403192943074249
"5",0.971509142729407,0.00798000677562538
"6",0.0529722008045919,3.33066907387547e-16
"7",0.915562456107762,0.00407206386670911
"8",0.455141663462324,2.57786973067997e-06
