"","max_pval","min_pval"
"1",0.75513344901409,0.0430950850313028
"2",0.464914674465595,7.70808055785555e-05
"3",0.249359399768432,0.000103284732002051
"4",0.984209023544113,0.0022569531215455
"5",0.972094808907762,0.00223809140518383
"6",0.055169602535007,1.96509475358653e-14
"7",0.920834821864588,0.0150689756604836
"8",0.485900329513317,3.78678666201893e-09
