"","max_pval","min_pval"
"1",0.75513344901409,0.0430950850313028
"2",0.411827364429114,3.38612582417852e-10
"3",0.248820816618886,0.0108268421161144
"4",0.984288906209382,0.00403192943074249
"5",0.971509142729407,0.00798000677562538
"6",0.0529722008045919,3.33066907387547e-16
"7",0.915562456107762,0.00407206386670911
"8",0.295611293676325,5.69639224679008e-10
